"","ID","Description","setSize","enrichmentScore","NES","pvalue","p.adjust","qvalues","rank","leading_edge","core_enrichment"
"HALLMARK_EPITHELIAL_MESENCHYMAL_TRANSITION","HALLMARK_EPITHELIAL_MESENCHYMAL_TRANSITION","HALLMARK_EPITHELIAL_MESENCHYMAL_TRANSITION",183,-0.734941004779681,-2.67806977520695,0.000149521531100478,0.00121270919233568,0.000638267995966146,1489,"tags=60%, list=12%, signal=54%","LAMA1/PDLIM4/TPM1/FSTL1/MATN2/LOXL2/GPC1/TPM2/SAT1/VEGFC/FBLN1/ITGB1/MMP2/NID2/SPOCK1/THBS1/PLOD2/CALD1/MEST/FBLN2/FZD8/ID2/TNFAIP3/APLP1/PLOD1/OXTR/MATN3/EMP3/VEGFA/MMP14/COL12A1/CAP2/BGN/FSTL3/SERPINE2/TFPI2/PDGFRB/TIMP1/GADD45A/ABI3BP/ITGAV/MYL9/TGFBR3/BMP1/LOXL1/COL6A2/JUN/TGFBI/PMP22/TGM2/PRRX1/CADM1/GADD45B/GAS1/WIPF1/COL4A2/LGALS1/SLIT2/ADAM12/COL6A3/TNFRSF11B/IGFBP3/FBN2/TGFB1/CDH6/COL4A1/FBLN5/COL1A1/ITGA5/FMOD/RHOB/COL1A2/TAGLN/FBN1/COL11A1/DAB2/VIM/GLIPR1/VCAM1/SPARC/POSTN/SERPINE1/ECM1/CDH11/EFEMP2/MFAP5/ACTA2/MXRA5/CDH2/GREM1/RGS4/LOX/SNAI2/SLIT3/COL5A1/COL3A1/TIMP3/MGP/MSX1/FN1/TNC/LUM/COL5A2/NNMT/FAP/DCN/MMP1/DKK1/PTHLH/FOXC2"
"HALLMARK_TNFA_SIGNALING_VIA_NFKB","HALLMARK_TNFA_SIGNALING_VIA_NFKB","HALLMARK_TNFA_SIGNALING_VIA_NFKB",157,-0.578477467499525,-2.07434379541638,0.000151906425641805,0.00121270919233568,0.000638267995966146,2456,"tags=51%, list=19%, signal=42%","BIRC2/IER5/TNIP1/MAFF/NFAT5/MAP3K8/NFE2L2/RELA/ETS2/TSC22D1/EIF1/PLAUR/DENND5A/SERPINB8/BCL6/EHD1/EFNA1/PTGER4/PFKFB3/CD44/SLC2A3/KLF10/BCL3/MXD1/NFKBIA/PDLIM5/PHLDA2/ATP2B1/ZBTB10/SAT1/HES1/BTG3/ZFP36/FOS/PNRC1/SMAD3/FJX1/TIPARP/SOCS3/ATF3/CEBPD/ID2/TNFAIP3/VEGFA/FOSB/RCAN1/CDKN1A/HBEGF/DUSP1/JUNB/CFLAR/B4GALT1/GADD45A/PPP1R15A/JUN/KLF6/SPHK1/DUSP4/GADD45B/F3/SPSB1/PTGS2/KDM6B/IER3/PLK2/BMP2/BHLHE40/RHOB/EDN1/KLF2/CLCF1/BTG2/SERPINE1/FOSL2/IL6ST/CCL2/TNC/ACKR3/SERPINB2/OLR1"
"HALLMARK_MYOGENESIS","HALLMARK_MYOGENESIS","HALLMARK_MYOGENESIS",153,-0.522167596204832,-1.86767439564267,0.000152160681679854,0.00121270919233568,0.000638267995966146,2091,"tags=42%, list=16%, signal=36%","SMTN/CNN3/DMPK/MYO1C/CRAT/PRNP/WWTR1/LAMA2/MAPK12/EFS/MAPRE3/AGRN/MYH9/APP/PLXNB2/AEBP1/MEF2C/MYOM2/TPM2/ST5/GSN/ENO3/LPIN1/ITGB1/SORBS3/ACTC1/ACTA1/SIRT2/DMD/CDKN1A/HBEGF/CDH13/FST/TPD52L1/SVIL/PDLIM7/COL6A2/IGF1/SPHK1/NCAM1/TNNC1/GADD45B/ACHE/COL4A2/ADAM12/COL6A3/IGFBP3/KIFC3/TGFB1/COL1A1/BHLHE40/TAGLN/TNNI1/SPARC/COL15A1/KLF5/APLNR/BDKRB2/COL3A1/EPHB3/IGFBP7/MYL7/MYL3/MYL4/SLN"
"HALLMARK_APOPTOSIS","HALLMARK_APOPTOSIS","HALLMARK_APOPTOSIS",135,-0.533622403873515,-1.87995327134305,0.000153350713080816,0.00121270919233568,0.000638267995966146,2219,"tags=42%, list=17%, signal=35%","TNFRSF12A/BCL2L2/TSPO/LGALS3/CDK2/TIMP2/PPP2R5B/HGF/ADD1/CD44/BMF/APP/CCND2/F2R/PLAT/IFITM3/PEA15/CASP7/H1F0/SAT1/BTG3/GSN/DAP/MMP2/GPX4/RARA/ATF3/DDIT3/PDCD4/CDKN1A/LMNA/CFLAR/BGN/SMAD7/CASP4/CAV1/PDGFRB/TIMP1/GADD45A/TGFBR3/EMP1/KRT18/IGFBP6/JUN/LEF1/GADD45B/NEDD9/IER3/BMP2/F2/RHOB/BTG2/TGFB2/TIMP3/LUM/ANXA1/DCN"
"HALLMARK_UV_RESPONSE_DN","HALLMARK_UV_RESPONSE_DN","HALLMARK_UV_RESPONSE_DN",135,-0.536146345407224,-1.88884512466205,0.000153350713080816,0.00121270919233568,0.000638267995966146,1922,"tags=36%, list=15%, signal=31%","FZD2/GCNT1/TGFBR2/CDON/SLC22A18/PDLIM5/PRKCE/AKT3/CITED2/ATP2B1/SMAD3/LTBP1/ZMIZ1/ID1/ATP2B4/MGLL/KALRN/DUSP1/CAP2/LPAR1/ATXN1/SMAD7/CAV1/PDGFRB/TGFBR3/SYNE1/NEK7/PMP22/GRK5/F3/TFPI/FBLN5/COL1A1/ANXA2/BHLHE40/COL1A2/COL11A1/DAB2/SERPINE1/PTPRM/RUNX1/NRP1/RGS4/SNAI2/COL3A1/HAS2/IGFBP5/DLC1/COL5A2"
"HALLMARK_COAGULATION","HALLMARK_COAGULATION","HALLMARK_COAGULATION",101,-0.698392379682754,-2.36187425909541,0.000159159637116027,0.00121270919233568,0.000638267995966146,1012,"tags=46%, list=8%, signal=42%","F10/SIRT2/CPQ/S100A13/MMP14/FURIN/CTSO/ADAM9/TFPI2/TIMP1/MST1/BMP1/A2M/PDGFB/MEP1A/CRIP2/VWF/CAPN2/F3/CSRP1/F2/CTSB/FBN1/F2RL2/SERPINA1/SPARC/SERPINE1/PROS1/PRSS23/LEFTY2/APOC3/TF/THBD/APOA1/TIMP3/FN1/CFI/ANXA1/FGG/HMGCS2/MMP1/HNF4A/PLG/SERPINB2/FGA/OLR1"
"HALLMARK_TGF_BETA_SIGNALING","HALLMARK_TGF_BETA_SIGNALING","HALLMARK_TGF_BETA_SIGNALING",54,-0.660760444241785,-2.01764100698183,0.000169779286926995,0.00121270919233568,0.000638267995966146,1448,"tags=39%, list=11%, signal=35%","WWTR1/KLF10/HIPK2/SMAD3/THBS1/ID1/ID2/JUNB/FURIN/BMPR2/SMAD7/BCAR3/PPP1R15A/CDKN1C/TGFB1/BMP2/LTBP2/SERPINE1/LEFTY2/SMAD6/NOG"
"HALLMARK_MYC_TARGETS_V2","HALLMARK_MYC_TARGETS_V2","HALLMARK_MYC_TARGETS_V2",58,0.724813668106498,2.39643218604665,0.000244738130200685,0.00145281264528126,0.00076463823435856,2738,"tags=84%, list=21%, signal=67%","DUSP2/UTP20/EXOSC5/PUS1/UNG/HK2/NOP16/MCM5/RRP12/WDR43/MYBBP1A/SORD/MCM4/NDUFAF4/RCL1/HSPE1/NOLC1/IPO4/NOP56/SLC29A2/HSPD1/TCOF1/WDR74/PPRC1/DDX18/PLK4/TFB2M/GRWD1/AIMP2/PRMT3/DCTPP1/NOC4L/PLK1/PES1/NOP2/GNL3/PPAN/NIP7/TMEM97/RRP9/TBRG4/MRTO4/PA2G4/SUPV3L1/SRM/LAS1L/IMP4/BYSL/PHB"
"HALLMARK_HYPOXIA","HALLMARK_HYPOXIA","HALLMARK_HYPOXIA",177,-0.48478589564034,-1.75986799320696,0.000299895036737142,0.00145281264528126,0.00076463823435856,1906,"tags=37%, list=15%, signal=32%","PFKFB3/SLC2A3/MYH9/PFKL/SIAH2/NAGK/TES/MAP3K1/ATP7A/PGF/IDS/ERRFI1/CITED2/SDC3/GPC1/PAM/ZFP36/FOS/ENO3/PNRC1/GPC3/EGFR/INHA/TIPARP/WSB1/ATF3/HS3ST1/TNFAIP3/DDIT3/VEGFA/MXI1/EXT1/CHST3/CDKN1A/DUSP1/BGN/KDELR3/CAV1/TPBG/CCNG2/PPP1R15A/P4HA1/JUN/PDGFB/KLF6/TGFBI/TGM2/P4HA2/F3/CDKN1C/IGFBP3/IER3/ANGPTL4/TGFB3/ANXA2/BHLHE40/NDRG1/SERPINE1/FOSL2/HOXB9/HDLBP/LOX/COL5A1/ACKR3/CXCR4/DCN"
"HALLMARK_E2F_TARGETS","HALLMARK_E2F_TARGETS","HALLMARK_E2F_TARGETS",197,0.494503523818231,1.96961365315213,0.000311138767890479,0.00145281264528126,0.00076463823435856,3950,"tags=68%, list=31%, signal=48%","DSCC1/MSH2/HELLS/LYAR/UNG/PRIM2/PSIP1/MCM5/MCM3/CHEK2/E2F8/GINS1/BRCA2/BUB1B/TFRC/CDC25A/SUV39H1/CCNE1/PRPS1/DLGAP5/CSE1L/MCM4/GINS4/HMMR/MMS22L/TIPIN/TP53/NASP/CHEK1/SMC6/NOLC1/RFC3/SPC25/NOP56/HMGA1/CENPM/KIF18B/DUT/NUP205/RAD51AP1/GINS3/MCM2/PLK4/PCNA/ORC2/DCTPP1/PLK1/TRIP13/NME1/AURKA/MYBL2/CDC20/ANP32E/TIMELESS/RFC2/KPNA2/HMGB3/RPA3/POP7/RRM2/BIRC5/TACC3/PHF5A/KIF4A/MTHFD2/DEK/TBRG4/CKS2/SYNCRIP/NUP153/BRCA1/PA2G4/KIF2C/CENPE/NUDT21/ESPL1/RNASEH2A/SHMT1/ZW10/CNOT9/LIG1/PRKDC/DDX39A/SPAG5/MCM6/AURKB/GSPT1/MCM7/RAD1/TCF19/RANBP1/SMC3/NUP107/POLD3/DNMT1/USP1/RAN/CDCA8/BARD1/MAD2L1/KIF22/CTCF/CCNB2/CKS1B/SNRPB/CDKN3/RPA2/EIF2S1/XPO1/POLE/CTPS1/SSRP1/CDCA3/RFC1/POLD1/EXOSC8/MELK/MKI67/UBR7/TK1/SPC24/TOP2A/NCAPD2/CIT/SRSF2/PTTG1/POLA2/RAD50/DEPDC1/UBE2T/HNRNPD/MYC/UBE2S/IPO7"
"HALLMARK_WNT_BETA_CATENIN_SIGNALING","HALLMARK_WNT_BETA_CATENIN_SIGNALING","HALLMARK_WNT_BETA_CATENIN_SIGNALING",41,-0.633519476772329,-1.84304938246407,0.000346981263011797,0.00145281264528126,0.00076463823435856,1748,"tags=34%, list=14%, signal=30%","AXIN2/CCND2/JAG2/DLL1/FZD8/NKD1/HEY1/LEF1/FZD1/WNT5B/DKK4/DKK1/WNT6/WNT1"
"HALLMARK_ANGIOGENESIS","HALLMARK_ANGIOGENESIS","HALLMARK_ANGIOGENESIS",32,-0.70707725163462,-1.96703684663129,0.000348675034867503,0.00145281264528126,0.00076463823435856,1832,"tags=56%, list=14%, signal=48%","TNFRSF21/APP/CCND2/JAG2/FSTL1/VEGFA/TIMP1/ITGAV/SLCO2A1/POSTN/NRP1/THBD/COL3A1/MSX1/LUM/COL5A2/VTN/OLR1"
"HALLMARK_MYC_TARGETS_V1","HALLMARK_MYC_TARGETS_V1","HALLMARK_MYC_TARGETS_V1",198,0.446428110240104,1.78073564335509,0.000621504039776259,0.00226254581655279,0.00119081358765936,5308,"tags=71%, list=41%, signal=42%","NOP16/MCM5/DDX21/HPRT1/PRPS2/MCM4/C1QBP/HSPE1/NOLC1/NOP56/HSPD1/ABCE1/DUT/SET/CAD/DDX18/MCM2/PCNA/CCNA2/AIMP2/ORC2/RFC4/NME1/CDC20/GNL3/SRPK1/SERBP1/KPNA2/EIF3B/BUB3/CDC45/SRSF7/GOT2/EIF1AX/ETF1/PPM1G/RRP9/SSBP1/DEK/SYNCRIP/XPOT/EXOSC7/PA2G4/CCT5/FBL/SRM/G3BP1/CSTF2/NCBP1/SNRPA1/IARS/SNRPD1/HSP90AB1/MCM6/GSPT1/MCM7/PHB/PSMD1/RSL1D1/STARD7/EPRS/SSB/PSMD14/DHX15/PSMA2/RANBP1/SNRPG/EIF2S2/PTGES3/USP1/RAN/MAD2L1/SNRPD3/PWP1/CCT3/SMARCC1/EIF4E/EIF2S1/XPO1/NHP2/IMPDH2/KPNB1/CTPS1/NPM1/PSMD7/SF3A1/SRSF3/POLE3/PSMA4/U2AF1/CUL1/HNRNPU/RRM1/SRSF2/KARS/RUVBL2/COX5A/HNRNPD/MYC/APEX1/MRPS18B/PSMC4/TRA2B/HDAC2/HNRNPA3/SRSF1/CCT4/SF3B3/CYC1/TOMM70/TCP1/TUFM/SNRPA/CCT2/LSM7/PSMB2/NDUFAB1/H2AFZ/PABPC4/CCT7/UBA2/SNRPB2/TRIM28/EIF3J/TARDBP/COPS5/ACP1/RNPS1/HNRNPA2B1/LSM2/PSMD3/PPIA/PHB2/PCBP1/TXNL4A/EIF4A1/HDDC2/UBE2L3/PRPF31/ILF2"
"HALLMARK_INFLAMMATORY_RESPONSE","HALLMARK_INFLAMMATORY_RESPONSE","HALLMARK_INFLAMMATORY_RESPONSE",109,-0.491185117159839,-1.67730469075043,0.00063351282863478,0.00226254581655279,0.00119081358765936,1028,"tags=23%, list=8%, signal=21%","EMP3/CDKN1A/HBEGF/LY6E/MMP14/LPAR1/TIMP1/TPBG/KLF6/MEP1A/SPHK1/F3/PCDH7/ITGA5/EDN1/BTG2/SERPINE1/IL1R1/APLNR/IL18R1/HAS2/CCL2/BDKRB1/CSF3R/OLR1"
"HALLMARK_COMPLEMENT","HALLMARK_COMPLEMENT","HALLMARK_COMPLEMENT",145,-0.460430782242984,-1.6349423835032,0.00106984563655815,0.00356615212186051,0.00187692216940027,1817,"tags=36%, list=14%, signal=31%","MAFF/ANXA5/CTSH/SERPING1/GNG2/PLAUR/SPOCK2/CALM3/LGALS3/EHD1/TIMP2/CTSL/ANG/CD59/APOC1/GNB2/PLAT/APOBEC3G/CASP7/SRC/JAK2/CPM/TNFAIP3/F10/CPQ/S100A13/MMP14/CDH13/CA2/CTSO/ADAM9/TFPI2/CASP4/TIMP1/PDGFB/F3/COL4A2/CSRP1/F2/CTSB/SERPINA1/SERPINE1/ZFPM2/ZEB1/FN1/HNF4A/PLG/S100A9/GATA3/APOA4/SERPINB2/OLR1"
"HALLMARK_MTORC1_SIGNALING","HALLMARK_MTORC1_SIGNALING","HALLMARK_MTORC1_SIGNALING",192,0.3901655710743,1.54983109078172,0.00123494905835134,0.00385921580734795,0.00203116621439366,3031,"tags=44%, list=23%, signal=34%","IFI30/POLR3G/TUBA4A/BUB1/CTSC/FAM129A/UNG/CD9/HK2/HPRT1/EEF1E1/TFRC/CDC25A/CTH/SLC6A6/ELOVL6/SORD/DHCR24/MCM4/CORO1A/HSPE1/SRD5A1/PNO1/NUFIP1/SLC7A11/SCD/INSIG1/AK4/USO1/HSPD1/HSPA4/FDXR/NFKBIB/NUP205/PSAT1/MCM2/BCAT1/GCLC/PLK1/AURKA/TOMM40/DHFR/SC5D/PHGDH/HMBS/PNP/GMPS/PSMD12/M6PR/CYP51A1/HSPA9/RRM2/ETF1/TMEM97/MTHFD2/SQLE/HMGCS1/RRP9/SLC1A5/ASNS/IDH1/RDH11/LTA4H/GLA/ACSL3/GPI/DHCR7/DDX39A/HMGCR/PSMG1/UCHL5/EBP/ACLY/EPRS/PSMD14/FADS2/MTHFD2L/CACYBP/PSMA3/EIF2S2/TCEA1/GSR/SHMT2/PRDX1/CCNF"
"HALLMARK_XENOBIOTIC_METABOLISM","HALLMARK_XENOBIOTIC_METABOLISM","HALLMARK_XENOBIOTIC_METABOLISM",151,-0.424183246147702,-1.5154080108535,0.003504494895627,0.0103073379283147,0.005424914699113,2332,"tags=34%, list=18%, signal=28%","SLC12A4/ACP2/ETS2/ENTPD5/JUP/ACOX2/GABARAPL1/DHRS1/DDC/CROT/ALDH2/COMT/CYP1A1/FMO1/PDLIM5/SLC35D1/PINK1/TPST1/PMM1/SMOX/FBLN1/ABHD6/GSTO1/CYP27A1/ID2/F10/CSAD/GAD1/EPHA2/CA2/DDAH2/PTGDS/FABP1/ENPEP/PTGR1/ACOX3/ATOH8/RBP4/IGF1/SLC46A3/TDO2/CYP26A1/HSD17B2/SERPINE1/IL1R1/PROS1/TGFB2/MAN1A1/HNF4A/PLG/VTN"
"HALLMARK_G2M_CHECKPOINT","HALLMARK_G2M_CHECKPOINT","HALLMARK_G2M_CHECKPOINT",188,0.366095816338579,1.44832273809504,0.00553165334972342,0.0147908888124915,0.00778467832236395,3875,"tags=55%, list=30%, signal=39%","BUB1/CDC6/PRIM2/POLQ/MCM5/MCM3/BRCA2/KIF20B/CDC25A/CHAF1A/SUV39H1/TTK/SRSF10/AMD1/SLC38A1/EXO1/FOXN3/SLC7A1/DBF4/HMMR/DKC1/RBL1/NASP/CHEK1/NOLC1/CDC7/HMGA1/GINS2/TRAIP/MCM2/PLK4/CCNA2/RAD54L/PLK1/MT2A/AURKA/KIF11/MYBL2/SMC2/CDC20/MTF2/UCK2/KPNA2/WRN/BUB3/E2F1/HMGB3/CDC45/BIRC5/TACC3/KIF4A/SQLE/KIF15/CKS2/CENPF/SYNCRIP/RBM14/KIF2C/CENPE/ESPL1/G3BP1/DDX39A/NDC80/SNRPD1/MCM6/RASAL2/NCL/AURKB/GSPT1/STIL/HIRA/NUP50/SAP30/INCENP/E2F3/FBXO5/CCNF/BARD1/MAD2L1/KIF22/CTCF/CCNB2/SMARCC1/CKS1B/CDKN3/RPA2/XPO1/TPX2/ORC5/KPNB1/POLE/MKI67/UBE2C/TOP2A/CUL1/HNRNPU/SRSF2/ATRX/PTTG1/NUP98/POLA2/TROAP/HNRNPD/MYC"
"HALLMARK_IL2_STAT5_SIGNALING","HALLMARK_IL2_STAT5_SIGNALING","HALLMARK_IL2_STAT5_SIGNALING",157,-0.412381015483458,-1.47874385585523,0.00562053774874677,0.0147908888124915,0.00778467832236395,2005,"tags=34%, list=15%, signal=29%","MYO1C/NT5E/PRNP/RNH1/CAPN3/CD44/SLC2A3/S100A1/TNFRSF21/SPRED2/MAPKAPK2/P2RX4/CCND2/MXD1/CTSZ/IFITM3/HIPK2/ENO3/GPX4/SNX14/GSTO1/CKAP4/COL6A1/APLP1/SERPINB6/FURIN/BMPR2/GLIPR2/CA2/MAP6/ODC1/ITGAV/EMP1/P4HA1/KLF6/TGM2/GADD45B/CDKN1C/BMP2/BHLHE40/RHOB/ADAM19/F2RL2/EOMES/NDRG1/ECM1/NRP1/PTH1R/PLAGL1/IL18R1/AHNAK/WLS/HOPX"
"HALLMARK_INTERFERON_GAMMA_RESPONSE","HALLMARK_INTERFERON_GAMMA_RESPONSE","HALLMARK_INTERFERON_GAMMA_RESPONSE",134,0.393123462766191,1.48452359745835,0.00716127184187912,0.0179031796046978,0.00942272610773568,1362,"tags=20%, list=11%, signal=18%","IDO1/PSMB9/IFI30/DHX58/PSMB8/MX2/SAMHD1/NMI/MX1/TRIM14/TAP1/PARP12/SP110/SOCS1/CD40/FAS/C1R/EIF4E3/AUTS2/TRIM25/PSMB10/HERC6/HLA-DMA/PARP14/METTL7B/USP18/CD74"
"HALLMARK_INTERFERON_ALPHA_RESPONSE","HALLMARK_INTERFERON_ALPHA_RESPONSE","HALLMARK_INTERFERON_ALPHA_RESPONSE",72,0.433014820898596,1.48860383573015,0.0203517587939698,0.0484565685570711,0.0255034571353006,1362,"tags=22%, list=11%, signal=20%","PSMB9/IFI30/DHX58/PSMB8/NMI/MX1/TRIM14/TAP1/PARP12/SP110/TRIM25/HERC6/PARP14/PROCR/USP18/CD74"
"HALLMARK_KRAS_SIGNALING_UP","HALLMARK_KRAS_SIGNALING_UP","HALLMARK_KRAS_SIGNALING_UP",139,-0.395083197542276,-1.39742325884175,0.0233909188197523,0.052201974183751,0.0274747232546058,1210,"tags=23%, list=9%, signal=21%","EPB41L3/ALDH1A3/ID2/TNFAIP3/HBEGF/PLEK2/CA2/SNAP25/GNG11/EMP1/NGF/RBP4/PPP1R15A/ADGRA2/MAFB/PRRX1/PTGS2/TFPI/TMEM100/IGFBP3/ANGPTL4/CBX8/BMP2/SERPINA3/NRP1/PRDM1/CPE/PLVAP/IGF2/SLPI/CXCR4/RELN"
"HALLMARK_APICAL_JUNCTION","HALLMARK_APICAL_JUNCTION","HALLMARK_APICAL_JUNCTION",168,-0.380869670145042,-1.37419978736365,0.0241436547457371,0.052201974183751,0.0274747232546058,2209,"tags=33%, list=17%, signal=28%","ITGA3/JUP/LAYN/GNAI1/BAIAP2/MYL12B/CRAT/MYH9/CLDN5/NRTN/EVL/COL17A1/AKT3/INPPL1/SDC3/SRC/CD34/WNK4/RRAS/NEXN/TRO/ITGB1/MMP2/EGFR/FSCN1/DSC3/SORBS3/TMEM8B/ACTC1/GAMT/ACTA1/CLDN11/ACTG1/MAPK11/ITGA9/ACTG2/MDK/B4GALT1/ADAM9/AMIGO2/MYL9/THBS3/BMP1/PARVA/TGFBI/VWF/CD99/SLIT2/CERCAM/TNFRSF11B/CDH6/FBN1/VCAM1/FLNC/CDH11"
"HALLMARK_HEDGEHOG_SIGNALING","HALLMARK_HEDGEHOG_SIGNALING","HALLMARK_HEDGEHOG_SIGNALING",35,-0.549023790536477,-1.55179717264581,0.0250569476082005,0.052201974183751,0.0274747232546058,1938,"tags=40%, list=15%, signal=34%","NRCAM/MYH9/RTN1/SLIT1/VEGFA/ADGRG1/AMOT/HEY1/ACHE/UNC5C/NRP1/CNTFR/PLG/SHH"
"HALLMARK_SPERMATOGENESIS","HALLMARK_SPERMATOGENESIS","HALLMARK_SPERMATOGENESIS",79,0.392197018111219,1.36994060892586,0.0462324393358876,0.0924648786717752,0.0486657256167238,1873,"tags=27%, list=14%, signal=23%","DPEP3/SCG3/YBX2/DDX25/HSPA2/MAP7/BUB1/CAMK4/TNNI3/SCG5/SEPT4/SIRT1/TTK/DMC1/DBF4/PIAS2/STRBP/NCAPH/TALDO1/RFC4/AURKA"
"HALLMARK_APICAL_SURFACE","HALLMARK_APICAL_SURFACE","HALLMARK_APICAL_SURFACE",32,-0.518707172100027,-1.44300515647181,0.0603207810320781,0.116001501984766,0.061053422097245,1163,"tags=59%, list=9%, signal=54%","ATP8B1/SCUBE1/ADAM10/SRPX/NTNG1/HSPB1/NCOA6/PLAUR/APP/AFAP1L2/TMEM8B/EFNA5/MDGA1/B4GALT1/GSTM3/GAS1/SULF2/GATA3/RTN4RL1"
"HALLMARK_ALLOGRAFT_REJECTION","HALLMARK_ALLOGRAFT_REJECTION","HALLMARK_ALLOGRAFT_REJECTION",106,0.354551965664615,1.29742707974244,0.0657608695652174,0.121779388083736,0.0640944147809136,1179,"tags=20%, list=9%, signal=18%","SIT1/HLA-DRA/LCK/NCR1/HLA-DOA/TAP2/PRKCB/TAP1/THY1/CD4/LYN/PRKCG/MAP4K1/SOCS1/HDAC9/CD40/FAS/CD1D/PSMB10/IL27RA/HLA-DMA"
"HALLMARK_P53_PATHWAY","HALLMARK_P53_PATHWAY","HALLMARK_P53_PATHWAY",179,-0.346737216345941,-1.25961489064381,0.0702070207020702,0.125369679825125,0.0659840420132239,1847,"tags=22%, list=14%, signal=19%","SFN/APP/PLXNB2/CCND2/JAG2/MXD1/PRMT2/F2R/VAMP8/SLC35D1/SAT1/PMM1/FOS/PERP/ATF3/DDIT3/MXD4/RALGDS/CDKN1A/HBEGF/EPHA2/CDH13/TPD52L1/GADD45A/KRT17/PPP1R15A/JUN/S100A10/SPHK1/TGFB1/IER3/PLK2/RRAD/BMP2/TNNI1/NDRG1/BTG2/ZBTB16/CDKN2A/CDKN2B"
"HALLMARK_KRAS_SIGNALING_DN","HALLMARK_KRAS_SIGNALING_DN","HALLMARK_KRAS_SIGNALING_DN",91,-0.379134578221331,-1.26388914641582,0.108404581384094,0.186904450662231,0.0983707635064376,1192,"tags=31%, list=9%, signal=28%","KLHDC8A/EGF/CLSTN3/ACTC1/GAMT/FGFR3/ARHGDIG/IDUA/RGS11/SOX10/GPRC5C/TENM2/PAX3/H2AFY2/DCC/EFHD1/SYNPO/EDN1/BTG2/C5/COL2A1/TFAP2B/TGFB2/CNTFR/ZBTB16/COPZ2/SERPINB2/SHOX2"
"HALLMARK_ANDROGEN_RESPONSE","HALLMARK_ANDROGEN_RESPONSE","HALLMARK_ANDROGEN_RESPONSE",87,-0.37903063684702,-1.2554371990932,0.118170061429033,0.196950102381722,0.103657948621959,2292,"tags=33%, list=18%, signal=28%","HPGD/TSC22D1/APPBP2/MYL12A/HSD17B14/RPS6KA3/LMAN1/PGM3/B2M/DNAJB9/PDLIM5/PTK2B/H1F0/ZBTB10/SAT1/UBE2J1/AKT1/ALDH1A3/ZMIZ1/MERTK/B4GALT1/ADAMTS1/LIFR/ITGAV/KRT19/XRCC6/KRT8/NDRG1/ARID5B"
"HALLMARK_ESTROGEN_RESPONSE_LATE","HALLMARK_ESTROGEN_RESPONSE_LATE","HALLMARK_ESTROGEN_RESPONSE_LATE",169,-0.332860457066269,-1.20272847260535,0.123592130950593,0.199342146694505,0.104916919312897,1856,"tags=27%, list=14%, signal=23%","CD44/SFN/FARP1/SIAH2/SLC9A3R1/DYNLT3/SCUBE2/DNAJC1/JAK2/BTG3/ZFP36/FOS/PERP/MEST/PDLIM3/ID2/ATP2B4/NRIP1/SLC1A4/PDCD4/FGFR3/AMFR/MDK/CA2/TFPI2/TPD52L1/CAV1/TPBG/KRT19/TNNC1/NBL1/PDZK1/SERPINA3/SERPINA1/CXCL14/PRSS23/IL6ST/ST6GALNAC2/ASCL1/MYOF/CPE/HMGCS2/CLIC3/S100A9/FOXC1"
"HALLMARK_GLYCOLYSIS","HALLMARK_GLYCOLYSIS","HALLMARK_GLYCOLYSIS",185,-0.325203158999882,-1.18700037496149,0.133631618195377,0.208799403430276,0.10989442285804,1549,"tags=19%, list=12%, signal=17%","CHPF2/CITED2/SDC3/TPST1/GPC1/PKM/PAM/GPC3/EGFR/HS6ST2/PKP2/PLOD2/PLOD1/IL13RA1/VEGFA/MXI1/IDUA/EXT1/MERTK/B4GALT1/KDELR3/TPBG/P4HA1/TGFBI/P4HA2/IGFBP3/IER3/ANGPTL4/SLC16A3/HDLBP/COL5A1/GPR87/CXCR4/DCN/LHX9"
"HALLMARK_ESTROGEN_RESPONSE_EARLY","HALLMARK_ESTROGEN_RESPONSE_EARLY","HALLMARK_ESTROGEN_RESPONSE_EARLY",171,-0.328767834722751,-1.18969531859015,0.138230884557721,0.209440734178365,0.110231965357034,1856,"tags=27%, list=14%, signal=23%","CD44/SFN/FARP1/SIAH2/KLF10/GREB1/SLC9A3R1/CANT1/DYNLT3/SLC1A1/TSKU/HES1/SH3BP5/JAK2/FOS/MED13L/RARA/ELF1/TIPARP/PDLIM3/NRIP1/SLC1A4/SEC14L2/AMFR/GFRA1/GAB2/B4GALT1/TPD52L1/SVIL/TPBG/KRT18/TGM2/KRT19/ENDOD1/NBL1/PDZK1/BHLHE40/KRT8/PRSS23/IL6ST/RHOBTB3/MYOF/ELOVL2/DLC1/CLIC3/FOXC1"
"HALLMARK_HEME_METABOLISM","HALLMARK_HEME_METABOLISM","HALLMARK_HEME_METABOLISM",159,-0.322411795401535,-1.15671416083641,0.178766707168894,0.2592313122216,0.136437532748211,2847,"tags=35%, list=22%, signal=27%","SELENBP1/LPIN2/LAMP2/DCAF10/TMEM9B/AQP3/PSMD9/NNT/KEL/FOXJ2/RIOK3/PIGQ/CLCN3/MBOAT2/FBXO7/CAST/FBXO34/SIDT2/ATG4A/PPP2R5B/ADD1/SDCBP/KLF3/SYNJ1/PQLC1/SLC10A3/KHNYN/PICALM/DAAM1/TNS1/OPTN/AGPAT4/RBM5/H1F0/HAGH/SMOX/NUDT4/ARL2BP/LMO2/YPEL5/ALAD/MXI1/CA2/LRP10/RNF19A/NEK7/KAT2B/ENDOD1/P4HA2/EPB41/CTSB/BTG2/DMTN/GYPB/MYL4"
"HALLMARK_IL6_JAK_STAT3_SIGNALING","HALLMARK_IL6_JAK_STAT3_SIGNALING","HALLMARK_IL6_JAK_STAT3_SIGNALING",56,-0.394479252922196,-1.20838370827078,0.18146191855512,0.2592313122216,0.136437532748211,2051,"tags=34%, list=16%, signal=29%","OSMR/IL17RA/CD44/TNFRSF21/STAT2/ITGA4/IRF9/IL10RB/SOCS3/IL13RA1/A2M/JUN/TGFB1/IL1R1/IL6ST/PDGFC/CNTFR/IL18R1/CSF3R"
"HALLMARK_NOTCH_SIGNALING","HALLMARK_NOTCH_SIGNALING","HALLMARK_NOTCH_SIGNALING",32,-0.440556534606811,-1.22559583778492,0.192817294281729,0.267801797613513,0.140948314533428,1762,"tags=25%, list=14%, signal=22%","DTX4/WNT5A/DLL1/HES1/MAML2/ARRB1/FZD1/WNT2"
"HALLMARK_PANCREAS_BETA_CELLS","HALLMARK_PANCREAS_BETA_CELLS","HALLMARK_PANCREAS_BETA_CELLS",24,-0.439350348952283,-1.14515709321632,0.28428927680798,0.384174698389162,0.202197209678506,686,"tags=29%, list=5%, signal=28%","AKT3/LMO2/MAFB/SST/ISL1/PAX6/FOXA2"
"HALLMARK_PI3K_AKT_MTOR_SIGNALING","HALLMARK_PI3K_AKT_MTOR_SIGNALING","HALLMARK_PI3K_AKT_MTOR_SIGNALING",96,-0.32661798724986,-1.09671464514939,0.29804299005454,0.392161829019131,0.206400962641648,2365,"tags=23%, list=18%, signal=19%","CDKN1B/ARPC3/CALR/HSP90B1/CDK2/CAB39L/RPS6KA3/SFN/ARF1/DUSP3/STAT2/ARHGDIA/EGFR/AKT1/RALB/DDIT3/CDKN1A/NGF/MAPK10/CXCR4/FGF17/PITX2"
"HALLMARK_PROTEIN_SECRETION","HALLMARK_PROTEIN_SECRETION","HALLMARK_PROTEIN_SECRETION",92,-0.321651201590655,-1.07330911020356,0.330535829567463,0.42376388406085,0.223033623189921,3247,"tags=36%, list=25%, signal=27%","RAB22A/TMED10/ADAM10/STX7/COPE/SSPN/ARCN1/MON2/LAMP2/ERGIC3/COPB2/CLN5/CLCN3/GBF1/COPB1/SEC31A/RAB2A/RPS6KA3/LMAN1/VAMP3/SCRN1/ARF1/ATP7A/GNAS/CD63/BNIP3/PAM/EGFR/GALC/STX12/ARFGAP3/KRT18/CAV2"
"HALLMARK_BILE_ACID_METABOLISM","HALLMARK_BILE_ACID_METABOLISM","HALLMARK_BILE_ACID_METABOLISM",76,-0.330897746581204,-1.07175174064298,0.339669421487603,0.424586776859504,0.223466724662897,1725,"tags=21%, list=13%, signal=18%","ABCA5/SLC22A18/NEDD4/OPTN/ABCA2/GSTK1/ABCD1/CYP27A1/RBP1/ATXN1/BCAR3/ALDH1A1/DIO2/APOA1/TTR/RXRG"
"HALLMARK_UV_RESPONSE_UP","HALLMARK_UV_RESPONSE_UP","HALLMARK_UV_RESPONSE_UP",146,-0.292968939984403,-1.04058306686023,0.375324873872497,0.457713260820118,0.240901716221115,1747,"tags=18%, list=13%, signal=16%","PTPRD/CYP1A1/NFKBIA/FMO1/GGH/GLS/BTG3/FOS/CLTB/ATF3/PDLIM3/FOSB/MMP14/JUNB/FURIN/CA2/CDKN1C/RRAD/BMP2/RHOB/BTG2/COL2A1/IL6ST/LHX2/MSX1/CDKN2B/SHOX2"
"HALLMARK_PEROXISOME","HALLMARK_PEROXISOME","HALLMARK_PEROXISOME",91,-0.305913093721608,-1.0197968244287,0.422648814324891,0.503153350386775,0.264817552835145,2246,"tags=22%, list=17%, signal=18%","ITGB1BP1/PEX2/HMGCL/TSPO/PEX11B/HSD17B11/CTBP1/CRAT/EHHADH/GSTK1/ABCD1/MVP/CRABP2/ATXN1/CADM1/ALDH1A1/SEMA3C/ALB/TTR/RXRG"
"HALLMARK_CHOLESTEROL_HOMEOSTASIS","HALLMARK_CHOLESTEROL_HOMEOSTASIS","HALLMARK_CHOLESTEROL_HOMEOSTASIS",69,0.284027243371023,0.968575084758536,0.517794486215539,0.598248893531627,0.314867838700856,3373,"tags=45%, list=26%, signal=33%","LPL/PDK3/GLDC/FAM129A/CD9/MAL2/ALDOC/CBS/ACAT2/SCD/FASN/HSD17B7/FDFT1/SC5D/CYP51A1/TMEM97/SQLE/HMGCS1/FABP5/DHCR7/HMGCR/EBP/PCYT2/CHKA/NSDHL/FADS2/MVD/LSS/FDPS/CLU/LDLR"
"HALLMARK_OXIDATIVE_PHOSPHORYLATION","HALLMARK_OXIDATIVE_PHOSPHORYLATION","HALLMARK_OXIDATIVE_PHOSPHORYLATION",184,0.245786640097128,0.971422433008882,0.526459026307832,0.598248893531627,0.314867838700856,5844,"tags=54%, list=45%, signal=30%","NQO2/CYB5A/LRPPRC/CYCS/TIMM10/MRPS30/FXN/MRPS12/SLC25A12/COX10/AFG3L2/ATP6V1C1/MRPL11/LDHB/GOT2/HSPA9/MDH1/MRPS15/MRPL34/ABCB7/TIMM13/MRPL15/OPA1/IDH1/SUPV3L1/SDHD/GRPEL1/AIFM1/SLC25A4/GPI/ACAT1/MRPL35/DLAT/MTRF1/TIMM50/NDUFS6/HCCS/NDUFV2/ACADSB/UQCRFS1/UQCRH/SLC25A5/ISCA1/TOMM22/PHYH/POLR2F/HSD17B10/MTRR/IDH3A/OAT/COX5A/ETFDH/BAX/ACAA2/TIMM8B/COX7B/POR/IDH3B/IMMT/CYC1/TOMM70/HADHA/OGDH/MRPS22/NDUFA6/NDUFAB1/DLST/ALDH6A1/DLD/COX7C/NDUFS3/MDH2/PHB2/PDHX/PDP1/PMPCA/TIMM9/OXA1L/NDUFB6/SDHA/PRDX3/RHOT2/MRPS11/FDX1/NDUFS2/NDUFB4/MTX2/SLC25A6/COX5B/VDAC1/SDHB/NDUFA4/NDUFA5/VDAC3/SURF1/COX8A/ECHS1/TIMM17A/NDUFC1"
"HALLMARK_ADIPOGENESIS","HALLMARK_ADIPOGENESIS","HALLMARK_ADIPOGENESIS",182,-0.255355593321603,-0.929776927681644,0.624737945492662,0.694153272769625,0.365343827773487,2071,"tags=20%, list=16%, signal=17%","APOE/ELMOD3/SUCLG1/DNAJC15/GBE1/RIOK3/DGAT1/DRAM2/VEGFB/RNF11/BCL6/ALDH2/CRAT/ETFB/PFKFB3/PFKL/UBC/CMPK1/DNAJB9/GPX4/ADCY6/APLP2/CD151/MGLL/PDCD4/LAMA4/FZD4/GADD45A/LIFR/CCNG2/ENPP2/NABP1/COL4A1/ANGPTL4/ANGPT1/AGPAT3/COL15A1"
"HALLMARK_FATTY_ACID_METABOLISM","HALLMARK_FATTY_ACID_METABOLISM","HALLMARK_FATTY_ACID_METABOLISM",133,-0.253180044547355,-0.889948099753087,0.689347290640394,0.749290533304776,0.394363438581461,2502,"tags=21%, list=19%, signal=17%","HSDL2/PCBD1/SLC22A5/HPGD/HMGCL/GABARAPL1/HSD17B11/CRAT/D2HGDH/EHHADH/CYP1A1/AADAT/FMO1/ENO3/ACADVL/MGLL/KMT5A/SERINC1/ALAD/CA2/ODC1/TP53INP2/FABP1/S100A10/TDO2/LGALS1/ALDH1A1/HMGCS2"
"HALLMARK_DNA_REPAIR","HALLMARK_DNA_REPAIR","HALLMARK_DNA_REPAIR",141,0.216986063511191,0.825579857831965,0.878218108186289,0.934274583176903,0.491723464829949,3902,"tags=33%, list=30%, signal=23%","POLA1/PRIM1/HPRT1/RRM2B/TP53/CDA/RFC3/UPF3B/DUT/FEN1/PCNA/RFC4/NME1/POLR2D/RFC2/PNP/RPA3/RAD51/SF3A3/DDB2/CLP1/APRT/UMPS/NUDT21/LIG1/RFC5/ITPA/ZWINT/POLD3/POLR1C/RPA2/SAC3D1/NUDT9/SNAPC4/RNMT/IMPDH2/SSRP1/POLR1D/POLD1/RALA/POLR2F/ERCC2/ERCC8/POLA2/TARBP2/ZNRD1"
"HALLMARK_REACTIVE_OXYGEN_SPECIES_PATHWAY","HALLMARK_REACTIVE_OXYGEN_SPECIES_PATHWAY","HALLMARK_REACTIVE_OXYGEN_SPECIES_PATHWAY",46,-0.187419549326248,-0.556675265293776,0.99106375665922,0.999380037197768,0.525989493261983,2973,"tags=24%, list=23%, signal=18%","CAT/LAMTOR5/ATOX1/PDLIM1/GLRX/FTL/PRNP/CDKN2D/GPX4/JUNB/HHEX"
"HALLMARK_UNFOLDED_PROTEIN_RESPONSE","HALLMARK_UNFOLDED_PROTEIN_RESPONSE","HALLMARK_UNFOLDED_PROTEIN_RESPONSE",108,0.183043882319865,0.672164372873888,0.992389236205491,0.999380037197768,0.525989493261983,3467,"tags=31%, list=27%, signal=23%","DNAJA4/EXOSC5/CHAC1/TARS/IMP3/DKC1/NOLC1/EXOC2/NOP56/EXOSC2/PSAT1/EXOSC9/GEMIN4/SDAD1/HSPA9/DDX10/PARN/MTHFD2/RRP9/ASNS/XPOT/NOP14/IARS/EIF4A3/EXOSC4/DCP2/NFYB/CKS1B/EIF4E/EIF2S1/EXOSC1/NHP2/NPM1/EIF4EBP1"
"HALLMARK_MITOTIC_SPINDLE","HALLMARK_MITOTIC_SPINDLE","HALLMARK_MITOTIC_SPINDLE",195,0.166730443681678,0.662946968615439,0.999380037197768,0.999380037197768,0.525989493261983,3282,"tags=25%, list=25%, signal=19%","TUBA4A/DOCK2/BUB1/PIF1/FGD4/BRCA2/MYO1E/KIF20B/TTK/DLGAP5/ARAP3/LRPPRC/ARHGAP4/SASS6/CD2AP/ARFGEF1/TLK1/PLK1/GEMIN4/AURKA/KIF11/CEP72/ARHGAP27/ECT2/CCDC88A/ALMS1/BIRC5/KIF4A/MID1IP1/KIF15/CENPF/KIF2C/CENPE/ESPL1/SORBS2/NDC80/RASAL2/BCR/INCENP/SMC3/KPTN/FBXO5/KIF22/CCNB2/SAC3D1/TPX2/KNTC1/KATNB1/MAP1S"
