"HNSC-6998-01",1
"HNSC-A4II-01",1
"HNSC-7423-01",1
"HNSC-7391-01",2
"HNSC-6936-01",3
"HNSC-A6C4-01",4
"HNSC-5327-01",4
"HNSC-5331-01",3
"HNSC-5978-01",3
"HNSC-4737-01",4
"HNSC-7385-01",2
"HNSC-6956-01",1
"HNSC-7252-01",3
"HNSC-A45Y-01",2
"HNSC-A652-01",4
"HNSC-4727-01",1
"HNSC-5356-01",3
"HNSC-A6WZ-01",1
"HNSC-6934-01",4
"HNSC-A6WW-01",2
"HNSC-7407-01",3
"HNSC-6492-01",3
"HNSC-A6VB-01",1
"HNSC-6872-01",1
"HNSC-6482-01",2
"HNSC-5434-01",4
"HNSC-6010-01",3
"HNSC-A6H8-01",4
"HNSC-5373-01",3
"HNSC-7395-01",3
"HNSC-6951-01",1
"HNSC-6478-01",2
"HNSC-6471-01",2
"HNSC-5555-01",3
"HNSC-6433-01",2
"HNSC-A71E-01",1
"HNSC-7103-01",4
"HNSC-7369-01",3
"HNSC-A4CD-01",3
"HNSC-A45X-01",1
"HNSC-7263-01",4
"HNSC-7102-01",4
"HNSC-5432-01",1
"HNSC-A468-01",2
"HNSC-A4CB-01",3
"HNSC-7421-01",3
"HNSC-A7JT-01",3
"HNSC-A480-01",1
"HNSC-6013-01",2
"HNSC-7367-01",3
"HNSC-8568-01",4
"HNSC-7393-01",2
"HNSC-7753-01",1
"HNSC-A45Z-01",3
"HNSC-A6DI-01",1
"HNSC-7754-01",3
"HNSC-6219-01",3
"HNSC-5977-01",1
"HNSC-AA8J-01",4
"HNSC-7235-01",3
"HNSC-A6V3-01",3
"HNSC-7072-01",3
"HNSC-A6HZ-01",4
"HNSC-6955-01",1
"HNSC-4742-01",3
"HNSC-A6DE-01",1
"HNSC-6940-01",1
"HNSC-A4C7-01",4
"HNSC-5630-01",4
"HNSC-5366-01",3
"HNSC-7435-01",3
"HNSC-8298-01",3
"HNSC-A45O-01",1
"HNSC-A4CE-01",1
"HNSC-7372-01",1
"HNSC-A61E-01",3
"HNSC-6472-01",3
"HNSC-A51W-01",1
"HNSC-5973-01",1
"HNSC-7089-01",1
"HNSC-7438-01",4
"HNSC-A6SW-01",2
"HNSC-7432-01",1
"HNSC-7631-01",3
"HNSC-A50G-01",3
"HNSC-A92N-01",3
"HNSC-6950-01",4
"HNSC-A63U-01",1
"HNSC-7429-01",3
"HNSC-4223-01",2
"HNSC-6959-01",4
"HNSC-6941-01",3
"HNSC-6515-01",2
"HNSC-7389-01",3
"HNSC-5430-01",2
"HNSC-5444-01",4
"HNSC-7414-01",3
"HNSC-4740-01",4
"HNSC-A49A-01",1
"HNSC-A460-01",2
"HNSC-5443-01",2
"HNSC-A6T7-01",1
"HNSC-7388-01",2
"HNSC-7219-01",3
"HNSC-5323-01",3
"HNSC-7364-01",3
"HNSC-6012-01",2
"HNSC-7250-01",1
"HNSC-A66T-01",1
"HNSC-6961-01",4
"HNSC-A6SG-01",1
"HNSC-6871-01",2
"HNSC-4728-01",2
"HNSC-A6VC-01",2
"HNSC-A63V-01",3
"HNSC-7085-01",4
"HNSC-5243-01",2
"HNSC-A7JJ-01",3
"HNSC-8224-01",4
"HNSC-6021-01",1
"HNSC-A6K2-01",3
"HNSC-A6DG-01",4
"HNSC-7380-01",3
"HNSC-5152-01",3
"HNSC-A7GZ-01",1
"HNSC-6869-01",1
"HNSC-7371-01",2
"HNSC-7071-01",1
"HNSC-6441-01",4
"HNSC-A67F-01",2
"HNSC-A6DB-01",4
"HNSC-6989-01",4
"HNSC-4227-01",1
"HNSC-7434-01",1
"HNSC-A64Z-01",3
"HNSC-A6X0-01",2
"HNSC-A6JU-01",4
"HNSC-A4Z9-01",1
"HNSC-6224-01",4
"HNSC-5329-01",3
"HNSC-7365-01",1
"HNSC-6825-01",3
"HNSC-A6IJ-01",1
"HNSC-6473-01",3
"HNSC-6938-01",3
"HNSC-A464-01",4
"HNSC-7588-01",1
"HNSC-6470-01",2
"HNSC-6988-01",1
"HNSC-6011-01",1
"HNSC-5359-01",3
"HNSC-7430-01",1
"HNSC-A61V-01",1
"HNSC-7248-01",2
"HNSC-A92M-01",3
"HNSC-A6TP-01",1
"HNSC-6003-01",1
"HNSC-5625-01",4
"HNSC-5330-01",4
"HNSC-6491-01",1
"HNSC-7399-01",2
"HNSC-5333-01",4
"HNSC-A61S-01",3
"HNSC-A61H-01",3
"HNSC-A7JF-01",3
"HNSC-7433-01",3
"HNSC-A6EO-01",1
"HNSC-A4CI-01",1
"HNSC-8314-01",4
"HNSC-5332-01",3
"HNSC-6992-01",3
"HNSC-AA3K-01",3
"HNSC-A4AQ-01",2
"HNSC-A45T-01",4
"HNSC-A6T0-01",1
"HNSC-6962-01",1
"HNSC-6020-01",3
"HNSC-6223-01",1
"HNSC-A6DL-01",1
"HNSC-8489-01",3
"HNSC-5557-01",3
"HNSC-A6ES-01",1
"HNSC-A63T-01",3
"HNSC-6221-01",3
"HNSC-A7H4-01",4
"HNSC-6952-01",1
"HNSC-A6T5-01",1
"HNSC-8601-01",1
"HNSC-A7HI-01",2
"HNSC-A622-01",1
"HNSC-4074-01",3
"HNSC-7831-01",3
"HNSC-5324-01",3
"HNSC-A641-01",1
"HNSC-7177-01",3
"HNSC-A4C1-01",1
"HNSC-A51X-01",1
"HNSC-7392-01",3
"HNSC-7382-01",2
"HNSC-A49B-01",3
"HNSC-A497-01",3
"HNSC-6960-01",1
"HNSC-7397-01",3
"HNSC-7090-01",3
"HNSC-A4C6-01",4
"HNSC-6933-01",3
"HNSC-7069-01",1
"HNSC-5441-01",1
"HNSC-A499-01",3
"HNSC-8569-01",4
"HNSC-4733-01",2
"HNSC-A45V-01",1
"HNSC-A50I-01",3
"HNSC-6954-01",3
"HNSC-A463-01",1
"HNSC-7401-01",4
"HNSC-A6II-01",1
"HNSC-7832-01",1
"HNSC-A6JO-01",3
"HNSC-A6EM-01",4
"HNSC-A7HL-01",2
"HNSC-6516-01",3
"HNSC-7101-01",3
"HNSC-A7JD-01",4
"HNSC-5334-01",3
"HNSC-7386-01",3
"HNSC-A5HU-01",3
"HNSC-A7JS-01",4
"HNSC-4726-01",1
"HNSC-6868-01",1
"HNSC-7390-01",1
"HNSC-7063-01",3
"HNSC-7848-01",2
"HNSC-A620-01",4
"HNSC-6823-01",1
"HNSC-7379-01",3
"HNSC-6517-01",3
"HNSC-6937-01",3
"HNSC-A4IF-01",1
"HNSC-7261-01",3
"HNSC-A6K0-01",4
"HNSC-A6D8-01",3
"HNSC-A63W-01",1
"HNSC-5435-01",4
"HNSC-A6JM-01",1
"HNSC-6481-01",2
"HNSC-A5QF-01",1
"HNSC-5440-01",4
"HNSC-6229-01",4
"HNSC-A5HZ-01",1
"HNSC-A6TO-01",3
"HNSC-7394-01",2
"HNSC-A8ZA-01",1
"HNSC-6997-01",3
"HNSC-7422-01",3
"HNSC-4734-01",3
"HNSC-A6DD-01",3
"HNSC-6019-01",2
"HNSC-A71D-01",1
"HNSC-A45W-01",2
"HNSC-6873-01",4
"HNSC-5439-01",1
"HNSC-4217-01",2
"HNSC-7632-01",1
"HNSC-A6K1-01",1
"HNSC-A6EQ-01",3
"HNSC-7236-01",3
"HNSC-A6DA-01",1
"HNSC-A45P-01",1
"HNSC-7411-01",1
"HNSC-A7JC-01",1
"HNSC-A61J-01",4
"HNSC-A71A-01",4
"HNSC-5355-01",1
"HNSC-5374-01",2
"HNSC-6228-01",3
"HNSC-A6EK-01",1
"HNSC-A7JV-01",3
"HNSC-5358-01",2
"HNSC-A633-01",1
"HNSC-A7JA-01",3
"HNSC-4077-01",3
"HNSC-A498-01",1
"HNSC-A6I9-01",2
"HNSC-A7JK-01",1
"HNSC-7404-01",2
"HNSC-A6H7-01",2
"HNSC-7068-01",3
"HNSC-A4CG-01",1
"HNSC-A6JN-01",1
"HNSC-A4C9-01",3
"HNSC-6227-01",4
"HNSC-A45Q-01",1
"HNSC-5151-01",1
"HNSC-A6IH-01",1
"HNSC-6943-01",2
"HNSC-5558-01",3
"HNSC-7370-01",3
"HNSC-A7JO-01",3
"HNSC-7377-01",4
"HNSC-6225-01",1
"HNSC-6935-01",3
"HNSC-5979-01",1
"HNSC-5325-01",4
"HNSC-A6JY-01",1
"HNSC-A7JH-01",4
"HNSC-7255-01",1
"HNSC-8502-01",1
"HNSC-A6SH-01",3
"HNSC-AA3J-01",1
"HNSC-A6EP-01",3
"HNSC-A6DJ-01",1
"HNSC-5365-01",1
"HNSC-6945-01",1
"HNSC-A624-01",2
"HNSC-6488-01",4
"HNSC-8635-01",4
"HNSC-7373-01",3
"HNSC-A4ZB-01",1
"HNSC-6436-01",1
"HNSC-A718-01",3
"HNSC-4735-01",2
"HNSC-A5Q5-01",2
"HNSC-7591-01",2
"HNSC-7418-01",3
"HNSC-6484-01",2
"HNSC-4736-01",4
"HNSC-6995-01",4
"HNSC-A4IG-01",2
"HNSC-A6WX-01",2
"HNSC-6827-01",2
"HNSC-7091-01",1
"HNSC-5624-01",4
"HNSC-A6JT-01",4
"HNSC-7533-01",3
"HNSC-7100-01",3
"HNSC-7368-01",3
"HNSC-6953-01",1
"HNSC-6220-01",1
"HNSC-5436-01",1
"HNSC-A61G-01",1
"HNSC-7428-01",3
"HNSC-A71B-01",3
"HNSC-7398-01",3
"HNSC-6870-01",1
"HNSC-A76A-01",2
"HNSC-7086-01",1
"HNSC-A7J9-01",3
"HNSC-7254-01",2
"HNSC-A6UY-01",2
"HNSC-7630-01",3
"HNSC-A465-01",1
"HNSC-7446-01",3
"HNSC-A6T8-01",4
"HNSC-4725-01",1
"HNSC-A623-01",1
"HNSC-A67D-01",3
"HNSC-5966-01",4
"HNSC-A6JD-01",3
"HNSC-7183-01",1
"HNSC-A6EN-01",2
"HNSC-6994-01",3
"HNSC-4730-01",1
"HNSC-A5QE-01",2
"HNSC-7425-01",1
"HNSC-6467-01",2
"HNSC-5631-01",1
"HNSC-A6I0-01",1
"HNSC-7402-01",3
"HNSC-A66S-01",3
"HNSC-A4IH-01",2
"HNSC-A634-01",1
"HNSC-8634-01",1
"HNSC-7376-01",2
"HNSC-5442-01",1
"HNSC-8596-01",2
"HNSC-7242-01",2
"HNSC-6474-01",4
"HNSC-5431-01",2
"HNSC-A5QA-01",4
"HNSC-6996-01",4
"HNSC-7415-01",3
"HNSC-A61I-01",2
"HNSC-6826-01",3
"HNSC-4731-01",1
"HNSC-6222-01",4
"HNSC-7082-01",4
"HNSC-5556-01",2
"HNSC-7097-01",4
"HNSC-6017-01",4
"HNSC-7774-01",1
"HNSC-5970-01",4
"HNSC-A45R-01",4
"HNSC-A5Q6-01",1
"HNSC-A6JE-01",3
"HNSC-4224-01",1
"HNSC-A5HY-01",1
"HNSC-A8Z9-01",3
"HNSC-A6IG-01",4
"HNSC-6939-01",2
"HNSC-7229-01",1
"HNSC-A6SX-01",1
"HNSC-A6UO-01",1
"HNSC-A61W-01",1
"HNSC-A6T6-01",1
"HNSC-5364-01",4
"HNSC-5326-01",3
"HNSC-6018-01",4
"HNSC-A45U-01",3
"HNSC-4078-01",3
"HNSC-6218-01",1
"HNSC-7245-01",1
"HNSC-5250-01",2
"HNSC-A719-01",1
"HNSC-7424-01",3
"HNSC-7238-01",4
"HNSC-5971-01",4
"HNSC-A74Q-01",3
"HNSC-A642-01",4
"HNSC-6824-01",2
"HNSC-A8ZB-01",1
"HNSC-6942-01",2
"HNSC-A47Z-01",1
"HNSC-5363-01",4
"HNSC-7253-01",1
"HNSC-7095-01",1
"HNSC-7592-01",4
"HNSC-A50J-01",1
"HNSC-A6T4-01",1
"HNSC-5369-01",2
"HNSC-6480-01",2
"HNSC-7247-01",4
"HNSC-5976-01",4
"HNSC-A67A-01",1
"HNSC-4729-01",1
"HNSC-7099-01",3
"HNSC-7427-01",3
"HNSC-7065-01",1
"HNSC-7413-01",3
"HNSC-7104-01",4
"HNSC-6493-01",1
"HNSC-A8YP-01",3
"HNSC-5370-01",4
"HNSC-A4CH-01",1
"HNSC-4075-01",1
"HNSC-A7HJ-01",1
"HNSC-6948-01",3
"HNSC-5559-01",2
"HNSC-4723-01",3
"HNSC-4225-01",2
"HNSC-A7BN-01",2
"HNSC-7180-01",1
"HNSC-5361-01",3
"HNSC-A8Z8-01",1
"HNSC-5153-01",2
"HNSC-A6T2-01",1
"HNSC-A6X2-01",3
"HNSC-4738-01",3
"HNSC-4739-01",2
"HNSC-A6V9-01",2
"HNSC-6016-01",4
"HNSC-A6JZ-01",2
"HNSC-6477-01",3
"HNSC-5629-01",1
"HNSC-5248-01",2
"HNSC-A461-01",2
"HNSC-A6T3-01",1
"HNSC-6487-01",2
"HNSC-4741-01",1
"HNSC-5247-01",1
"HNSC-5367-01",4
"HNSC-4722-01",1
"HNSC-7269-01",1
"HNSC-7383-01",4
"HNSC-7178-01",4
"HNSC-7374-01",3
"HNSC-6024-01",1
"HNSC-6022-01",4
"HNSC-4076-01",1
"HNSC-5360-01",2
